-- phpMyAdmin SQL Dump
-- version 5.1.1
-- https://www.phpmyadmin.net/
--
-- Gép: 127.0.0.1
-- Létrehozás ideje: 2022. Jan 26. 20:37
-- Kiszolgáló verziója: 10.4.21-MariaDB
-- PHP verzió: 8.0.10

SET SQL_MODE = "NO_AUTO_VALUE_ON_ZERO";
START TRANSACTION;
SET time_zone = "+00:00";


/*!40101 SET @OLD_CHARACTER_SET_CLIENT=@@CHARACTER_SET_CLIENT */;
/*!40101 SET @OLD_CHARACTER_SET_RESULTS=@@CHARACTER_SET_RESULTS */;
/*!40101 SET @OLD_COLLATION_CONNECTION=@@COLLATION_CONNECTION */;
/*!40101 SET NAMES utf8mb4 */;

--
-- Adatbázis: `tulitimre`
--

-- --------------------------------------------------------

--
-- Tábla szerkezet ehhez a táblához `etelek`
--

CREATE TABLE `etelek` (
  `id` int(11) NOT NULL,
  `nev` varchar(1000) DEFAULT NULL,
  `eteltipusok_id` int(11) NOT NULL,
  `ettermek_id` int(11) NOT NULL,
  `ar` decimal(6,2) DEFAULT NULL,
  `mennyiseg` int(11) DEFAULT NULL
) ENGINE=InnoDB DEFAULT CHARSET=utf8mb4;

--
-- A tábla adatainak kiíratása `etelek`
--

INSERT INTO `etelek` (`id`, `nev`, `eteltipusok_id`, `ettermek_id`, `ar`, `mennyiseg`) VALUES
(1000, 'Pacalleves', 1, 100, '15.00', 400),
(1001, 'Zellerkrémleves szerecsendióval', 1, 100, '13.00', 400),
(1002, 'Brokkoli krémleves', 1, 102, '17.00', 400),
(1003, 'Parasztcsorba', 1, 102, '18.00', 400),
(1004, 'Zöldség leves', 1, 102, '16.00', 400),
(1005, 'Radóci csorba', 1, 102, '19.00', 500),
(1006, 'Pacal csorba', 1, 103, '12.00', 400),
(1007, 'Paraszt csorba', 1, 103, '12.00', 400),
(1008, 'Házi húsleves cérnametéltel', 1, 103, '10.00', 400),
(1009, 'Bulevárd csorba', 1, 104, '13.00', 400),
(1010, 'Gombakrémleves bacon chips-el', 1, 104, '13.00', 400),
(1011, 'Húsgombóc csorba', 1, 104, '13.00', 400),
(1012, 'Pacal leves fokhagymás, vagy sima pirítóssal', 1, 104, '13.00', 400),
(1013, 'Kurkumás édesburgonya-zeller krémleves, parmezános zeller rudakkal, füszeres párolt spenót csicseri borsóbal', 1, 109, '25.00', 350),
(1014, 'Növendék parasztcsorba', 1, 109, '15.00', 350),
(1015, 'Hamis pacal leves', 1, 111, '13.00', 350),
(1016, 'Krémleves', 1, 111, '12.00', 350),
(1017, 'Pacalcsorba', 1, 114, '16.00', 400),
(1018, 'Paraszt csorba', 1, 114, '15.00', 400),
(1019, 'Húsgombóc csorba', 1, 114, '14.00', 400),
(1020, 'Magyaros gulyás', 1, 114, '16.00', 400),
(1021, 'Babgulyás', 1, 114, '15.00', 400),
(1022, 'Sajtos brokkolileves', 1, 114, '15.00', 400),
(1023, 'Zöldség leves', 1, 109, '17.00', 400),
(2000, '4 Formaggi Pizza', 2, 101, '22.00', 430),
(2001, 'Calzone Classic', 2, 101, '25.00', 500),
(2002, 'Capricciosa', 2, 101, '21.00', 480),
(2003, 'Cetarese', 2, 101, '29.00', 450),
(2004, 'Diavolo', 2, 101, '20.00', 480),
(2005, 'Italia', 2, 101, '25.00', 450),
(2006, 'Margherita', 2, 101, '18.00', 450),
(2007, 'Milmosa', 2, 101, '18.00', 450),
(2008, 'Milmosa Rosso', 2, 101, '21.00', 450),
(2009, 'Parmigiana', 2, 101, '20.00', 400),
(2010, 'Pollastarella', 2, 101, '24.00', 450),
(2011, 'Regina', 2, 101, '26.00', 550),
(2012, 'Capriciosa', 2, 102, '17.00', 600),
(2013, 'Chicken', 2, 102, '18.00', 645),
(2014, 'Diamaggi', 2, 102, '25.00', 680),
(2015, 'Diavolo', 2, 102, '18.00', 565),
(2016, 'Extra', 2, 102, '20.00', 770),
(2017, 'Giorgione', 2, 102, '17.00', 600),
(2018, 'Hawaii', 2, 102, '17.00', 690),
(2019, 'Hercules', 2, 102, '19.00', 700),
(2020, 'Immortal', 2, 102, '20.00', 700),
(2021, 'Kinder', 2, 102, '16.00', 500),
(2022, 'Kövön sült pizza specialitás', 2, 102, '25.00', 800),
(2023, 'Mexikói', 2, 102, '19.00', 600),
(2024, 'Morrison', 2, 102, '18.00', 540),
(2025, 'Piedone', 2, 102, '20.00', 715),
(2026, 'Popeye', 2, 102, '25.00', 680),
(2027, 'Quatro Formaggi', 2, 102, '25.00', 520),
(2028, 'Quatro Stagione', 2, 102, '19.00', 680),
(2029, 'Székely', 2, 102, '18.00', 520),
(2030, 'Vegetáriánus', 2, 102, '17.00', 555),
(2031, 'Regina', 2, 102, '19.00', 680),
(2032, 'Morrison Bomb', 2, 102, '26.50', 500),
(2033, 'Capriciosa XXL', 2, 102, '38.00', 1800),
(2034, 'Chicken XXL', 2, 102, '39.00', 1935),
(2035, 'Diamaggi XXL', 2, 102, '50.00', 1540),
(2036, 'Diavolo XXL', 2, 102, '39.00', 1695),
(2037, 'Extra XXL', 2, 102, '45.00', 2310),
(2038, 'Giorgione XXL', 2, 102, '38.00', 1800),
(2039, 'Hawaii XXL', 2, 102, '38.00', 2070),
(2040, 'Hercules XXL', 2, 102, '41.00', 2100),
(2041, 'Immortal XXL', 2, 102, '45.00', 2100),
(2042, 'Mexikói XXL', 2, 102, '41.00', 2280),
(2043, 'Piedone XXL', 2, 102, '45.00', 2145),
(2044, 'Portugál XXL', 2, 102, '41.00', 1755),
(2045, 'Quatro Formaggi XXL', 2, 102, '50.00', 1560),
(2046, 'Quatro Stagione XXL', 2, 102, '41.00', 2070),
(2047, 'Székely XXL', 2, 102, '39.00', 1560),
(2048, 'Vegetáriánus XXL', 2, 102, '38.00', 555),
(2049, 'Regina XXL', 2, 102, '41.00', 2048),
(2050, 'Americana', 2, 113, '16.00', 680),
(2051, 'BBQ', 2, 113, '22.00', 620),
(2052, 'Capriciosa', 2, 113, '20.00', 700),
(2053, 'Fiorentina', 2, 113, '20.00', 550),
(2054, 'Hawaii', 2, 113, '18.00', 650),
(2055, 'La Mamma', 2, 113, '25.00', 750),
(2056, 'Margherita', 2, 113, '14.00', 400),
(2057, 'Mexicana', 2, 113, '21.00', 700),
(2058, 'Pepperoni', 2, 113, '15.00', 600),
(2059, 'Peru', 2, 113, '17.00', 550),
(2060, 'Prosciutto', 2, 113, '17.00', 650),
(2061, 'Quattro carni', 2, 113, '24.50', 680),
(2062, 'Quattro Formaggi', 2, 113, '22.00', 480),
(2063, 'Quattro Stagioni', 2, 113, '18.00', 650),
(2064, 'Regina', 2, 113, '17.00', 650),
(2065, 'Speck', 2, 113, '24.00', 480),
(2066, 'Summer', 2, 113, '15.00', 600),
(2067, 'Szekler', 2, 113, '23.00', 600),
(2068, 'Tonno', 2, 113, '15.00', 500),
(2069, 'Vad szalámis pizza', 2, 113, '25.00', 550),
(2070, 'Vegetáriánus', 2, 113, '18.00', 580),
(2071, 'Óriás Americana', 2, 113, '27.00', 1350),
(2072, 'Óriás BBQ', 2, 113, '33.00', 1500),
(2073, 'Óriás Capriciosa', 2, 113, '31.00', 1420),
(2074, 'Óriás Fiorentina', 2, 113, '31.00', 1150),
(2075, 'Óriás Hawaii', 2, 113, '29.00', 1300),
(2076, 'Óriás La Mamma', 2, 113, '36.00', 1500),
(2077, 'Óriás Margherita', 2, 113, '25.00', 900),
(2078, 'Óriás Mexicana', 2, 113, '32.00', 1450),
(2079, 'Óriás Pepperoni', 2, 113, '26.00', 1300),
(2080, 'Óriás Peru', 2, 113, '28.00', 1200),
(2081, 'Óriás Prosciutto', 2, 113, '28.00', 1300),
(2082, 'Óriás Quattro carni', 2, 113, '36.50', 1300),
(2083, 'Óriás Quattro Formaggi', 2, 113, '33.00', 1000),
(2084, 'Óriás Quattro Stagioni', 2, 113, '29.00', 1300),
(2085, 'Óriás Regina', 2, 113, '28.00', 1400),
(2086, 'Óriás Speck', 2, 113, '35.00', 1200),
(2087, 'Óriás Summer', 2, 113, '26.00', 1200),
(2088, 'Óriás Szekler', 2, 113, '34.00', 1500),
(2089, 'Óriás Tonno', 2, 113, '26.00', 1100),
(2090, 'Vad szalámis óriás pizza', 2, 113, '37.00', 1200),
(2091, 'Óriás Vegetáriánus', 2, 113, '29.00', 1200),
(3000, 'Camembertes-aszalt paradicsomos szenvics', 3, 100, '14.00', 270),
(3001, 'Cézár szendvics+coleslaw saláta', 3, 100, '14.00', 300),
(3002, 'Csirkés szendvics ananászo salsával+coleslaw saláta', 3, 100, '14.00', 300),
(3003, 'Gombahamburger', 3, 100, '14.00', 400),
(3004, 'New York style szendvics + coleslaw saláta', 3, 100, '14.00', 300),
(3005, 'Tonhalas szendvics búzacsírával + Qquinoás joghurt parfé alma darabokkal + Limonádé', 3, 100, '15.00', 280),
(3006, 'Humuszos grillszendvics karamelizált lilahagymával + coleslaw saláta', 3, 100, '15.00', 300),
(3007, 'Club Sandwich', 3, 101, '12.00', 200),
(3008, 'Crudo D.O.C', 3, 101, '12.00', 200),
(3009, 'D.O.P', 3, 101, '12.00', 200),
(3010, 'Milanese', 3, 101, '12.00', 200),
(3011, 'Mortazza', 3, 101, '12.00', 200),
(3012, 'Parma', 3, 101, '12.00', 200),
(3013, 'Tonno sandwich', 3, 101, '12.00', 200),
(3014, 'Hard Rock Sandwich + Sweet chili szósz', 3, 102, '22.00', 500),
(3015, 'Morrison Burger + Fries+sos burger', 3, 102, '18.50', 600),
(3016, 'Sultan shaorma', 3, 102, '15.00', 250),
(3017, 'The King Sandwich + smoky szósz', 3, 102, '21.00', 400),
(3018, 'Vega Burger + Steak + burger szósz', 3, 102, '18.00', 550),
(3019, 'Csirkeburger Menü', 3, 106, '16.50', 500),
(3020, 'Marhaburger Menü', 3, 106, '18.00', 500),
(3021, 'Csirke döner - M', 3, 107, '11.00', 200),
(3022, 'Csirke döner - L', 3, 107, '15.00', 350),
(3023, 'Borjú döner - M', 3, 107, '14.00', 200),
(3024, 'Borjú döner - L', 3, 107, '18.00', 350),
(3025, 'Vegyes döner', 3, 107, '18.00', 350),
(3026, 'Csirke dürüm', 3, 107, '15.00', 350),
(3027, 'Borjú dürüm', 3, 107, '18.00', 350),
(3028, 'Vegyes dürüm', 3, 107, '18.00', 350),
(3029, 'Crispy szendvics', 3, 107, '16.00', 380),
(3030, 'Rántott csirkemell szendvics', 3, 107, '16.00', 380),
(3031, 'Sonkás sajtos szendvics', 3, 107, '10.00', 330),
(3032, 'Hamburger - L', 3, 107, '13.00', 350),
(3033, 'Hamburger - M', 3, 107, '11.00', 200),
(3034, 'Cheesburger - L ', 3, 107, '14.00', 380),
(3035, 'Cheesburger - M ', 3, 107, '12.00', 240),
(3036, 'Vegetáriánus döner', 3, 107, '10.00', 330),
(3037, 'Bécsi szeletes szendvics', 3, 108, '11.00', 350),
(3038, 'Cérnakolbászos szendvics', 3, 108, '10.00', 350),
(3039, 'Csavart szendvics', 3, 108, '9.00', 230),
(3040, 'Meleg szendvics', 3, 108, '7.00', 190),
(3041, 'Rántott sajtos szendvics', 3, 108, '12.00', 350),
(3042, 'Tonhalas szendvics', 3, 108, '12.00', 250),
(3043, 'Csirkehúsos burger', 3, 109, '25.00', 450),
(3044, 'Marhahúsos burger', 3, 109, '30.00', 450),
(3045, 'Tépett húsos szendvics hasábburgonyával és Coleslaw salátával', 3, 109, '27.00', 470),
(3046, 'Vegetáriánus burger', 3, 109, '20.00', 400),
(3047, 'BLT szendvics', 3, 111, '14.99', 250),
(3048, 'Csirkemelles szendvics tartármártással', 3, 111, '14.99', 280),
(3049, 'Füstölt sajtos és paradicsomos szendvics', 3, 111, '14.00', 250),
(3050, 'Sonkás telemeás szendvics', 3, 111, '14.00', 330),
(3051, 'BBQ ciabatta', 3, 115, '15.00', 300),
(3052, 'Bécsiszeletes ciabatta', 3, 115, '15.00', 300),
(3053, 'BLT ciabatta', 3, 115, '15.00', 350),
(3054, 'Csirke pesto ciabatta', 3, 115, '15.00', 360),
(3055, 'Csirke - becon ciabatta', 3, 115, '15.00', 300),
(3056, 'Kemencés sonkás ciabatta', 3, 115, '15.00', 300),
(3057, 'Olaszos ciabatta', 3, 115, '15.00', 310),
(3058, 'Tonhalas ciabatta', 3, 115, '15.00', 310),
(3059, 'Vegetáriánus ciabatta', 3, 115, '13.00', 320),
(4000, 'A ház különlegessége', 4, 102, '23.00', 400),
(4001, 'Angus marhalábszár', 4, 102, '38.00', 580),
(4002, 'Babgulyás füstölt csülökkel', 4, 102, '22.00', 400),
(4003, 'Barbeque oldalas', 4, 102, '24.00', 400),
(4004, 'Big brother', 4, 102, '29.50', 400),
(4005, 'Borzoska', 4, 102, '24.00', 400),
(4006, 'Crazy Wolf', 4, 102, '20.00', 400),
(4007, 'Flying chicken', 4, 102, '23.00', 400),
(4008, 'Gordon bleu', 4, 102, '23.00', 550),
(4009, 'Hagymás máj', 4, 102, '19.00', 400),
(4010, 'Hal(pisztráng)', 4, 102, '45.00', 520),
(4011, 'Harcsapaprikás', 4, 102, '22.00', 400),
(4012, 'Kemencés kacsacomb chips krumpli ágyon', 4, 102, '38.00', 530),
(4013, 'Miccs menü', 4, 102, '18.00', 400),
(4014, 'Morrison Bécsiszelet', 4, 102, '22.00', 400),
(4015, 'Morrison favourite', 4, 102, '22.00', 200),
(4016, 'Növendék steak', 4, 102, '45.00', 600),
(4017, 'Óriás bécsis baguette', 4, 102, '19.00', 400),
(4018, 'Panírozott gomba', 4, 102, '18.00', 400),
(4019, 'Panírozott karfiol', 4, 102, '18.00', 380),
(4020, 'Rántott sajt', 4, 102, '18.00', 400),
(4021, 'Roston sült csirkemell', 4, 102, '20.00', 400),
(4022, 'Roston sült nyakkaraj (flekken)', 4, 102, '22.00', 400),
(4023, 'Sajtal töltött csirkemell', 4, 102, '23.00', 450),
(4024, 'Stroganoff bélszín', 4, 102, '40.00', 600),
(4025, 'Szezánmagos csirkemellcsíkik + sweet chili szósz', 4, 102, '22.00', 400),
(4026, 'Szűz sertés steak, császárszalonnába tekerve', 4, 102, '35.00', 600),
(4027, 'Hortobágyi palacsinta', 4, 102, '26.50', 550),
(4028, 'Kemencés csirkemell zöldségágyon szalmakrumplival', 4, 102, '25.00', 400),
(4029, 'Rántott sajt', 4, 103, '21.00', 420),
(4030, 'Pikáns crispy menü', 4, 106, '16.50', 500),
(4031, 'Szezánmagos csirkekrokett', 4, 106, '16.50', 500),
(4032, 'Csirkemell bécsiszelet menü', 4, 106, '16.50', 500),
(4033, 'Roston sült csirkemell menü', 4, 106, '16.50', 500),
(4034, 'Pikáns csirkeszárny menü', 4, 106, '16.50', 500),
(4035, 'Rántott sajt menü', 4, 106, '16.50', 500),
(4036, 'Chicken\'s borzoska menü', 4, 106, '16.50', 550),
(4037, 'Halrudacskák tőkehalból ', 4, 106, '16.50', 500),
(4038, 'MIXT 2 menü', 4, 106, '17.50', 500),
(4039, 'MIXT 3 menü', 4, 106, '17.50', 500),
(4040, 'MIXT 4 menü', 4, 106, '17.50', 500),
(4041, 'MIXT 5 menü', 4, 106, '17.50', 500),
(4042, 'MIXT 6 menü', 4, 106, '17.50', 500),
(4043, 'Buddha-tál', 4, 109, '28.00', 500),
(4044, 'Édes - savanyú karfiol párolt rizzsel', 4, 109, '18.00', 400),
(4045, 'Fish & Chips steak burgonyával és mustáros-majonézes mártogatóssal', 4, 109, '30.00', 380),
(4046, 'Fokhagymás - tejszínes (növényi) penne brokkolival és aszalt paradicsommal', 4, 109, '18.00', 350),
(4047, 'Krumplipaprikás házi sült kolbásszal', 4, 109, '22.00', 400),
(4048, 'Mandula köntösben sült Camembert hasábburgonyával és áfonya mártással', 4, 109, '28.00', 200),
(4049, 'Mázas csirkszárny csípős káposztasalátával', 4, 109, '24.00', 550),
(4050, 'Pankó morzsában sült csirkemell burgonyapürével és barackos - meggyes mártogatóssal', 4, 109, '25.00', 450),
(4051, 'Rántott mini csirkefalatok majonézes mártogatóssal és hasábburgoyával', 4, 109, '28.00', 390),
(4052, 'Roston sült citromos pisztrángfilé görögsalátával', 4, 109, '33.00', 350),
(4053, 'Roston sült mustáros nyakkaraj sült szalonnával és héjas sült burgonyával', 4, 109, '34.00', 430),
(4054, 'Sonkába göngyölt sertés szűzérmék négysajtos mártásal és roston sült zöldségekkel', 4, 109, '37.00', 380),
(4055, 'Túrós - tejföles galuska kemencébe sütve, kívánság szerint sült szalonna tallérral', 4, 109, '14.00', 300),
(4056, 'Zöldfűszeres szélesmetélt vargányával és omlós sertés lapockával', 4, 109, '26.00', 350),
(4057, 'Gyros hús', 4, 110, '9.00', 100),
(4058, 'Hagymakarika', 4, 110, '8.00', 120),
(4059, 'Panírozott rákolló', 4, 110, '9.00', 120),
(4060, 'Sajtgolyók', 4, 110, '9.00', 130),
(4061, 'Tintahal karika', 4, 110, '9.00', 130),
(4062, 'Gyros ', 4, 111, '18.00', 250),
(4063, 'Panírozott sajt', 4, 111, '15.90', 230),
(4064, 'Rántott csirkemell tartár szósszal', 4, 111, '19.90', 200),
(4065, 'Süllő mandulába forgatva krumplival és salátával', 4, 111, '35.00', 500),
(4066, 'Royal tál 1 személyre', 4, 114, '44.00', 900),
(4067, 'Bőség tál 2 személyre', 4, 114, '78.00', 1500),
(4068, 'Kemencében sült csülök chipsburgonyával, lilahagymávaé, torma és fokhagymamártássall', 4, 114, '39.00', 750),
(4069, 'Sertésszárny csontnélküli csülökkel, lilakáposztával, steakburgonyával és tormamártással', 4, 114, '38.00', 600),
(4070, 'Sertéslábszár paszulykafőzelékkel', 4, 114, '36.00', 700),
(4071, 'Csirkegordon steakburgonyával', 4, 114, '29.00', 400),
(4072, 'Crispy csirkemell szalmakrumplival, crispy szósszal', 4, 114, '27.00', 450),
(4073, 'Ropogos csirkeszárnyak, szalmakrumpli, tatármártás', 4, 114, '28.00', 450),
(4074, 'Mexikói csirkeszárnyak chripsburgonyával, crispy szósszal', 4, 114, '24.00', 350),
(4075, 'Nyakkaraj roston, szalmakrumplival', 4, 114, '29.00', 400),
(4076, 'Kárpáti borzoska, krumplipüre', 4, 114, '32.00', 400),
(4077, 'Royal szelet, krumplipüre', 4, 114, '34.00', 400),
(4078, 'Kukoricalisztbe forgatott sültpisztráng chipsburgonyával', 4, 114, '38.00', 450),
(5000, 'Baconos csirkemell saláta', 5, 100, '14.00', 300),
(5001, 'Baconos csirkemell saláta', 5, 100, '20.00', 500),
(5002, 'Brokkolis csirke kesudióval', 5, 100, '20.00', 500),
(5003, 'Brokkolis csirke kesudióval', 5, 100, '14.00', 350),
(5004, 'Camembertes szőlősaláta', 5, 100, '20.00', 500),
(5005, 'Camembertes szőlősaláta', 5, 100, '14.00', 300),
(5006, 'Cézár saláta', 5, 100, '14.00', 530),
(5007, 'Cézár saláta', 5, 100, '20.00', 730),
(5008, 'Fetás tonhalsaláta + Quinoás joghurt parfé alma darabokkal', 5, 100, '20.00', 500),
(5009, 'Fetás tonhalsaláta + Quinoás joghurt parfé alma darabokkal', 5, 100, '14.00', 300),
(5010, 'Penge saláta', 5, 100, '20.00', 500),
(5011, 'Penge saláta', 5, 100, '14.00', 300),
(5012, 'Pesztós tésztasaláta', 5, 100, '14.00', 300),
(5013, 'Pesztós tésztasaláta', 5, 100, '20.00', 500),
(5014, 'Sport saláta', 5, 100, '14.00', 300),
(5015, 'Sport saláta', 5, 100, '20.00', 500),
(5016, 'Waldorf saláta', 5, 100, '14.00', 350),
(5017, 'Caprese', 5, 101, '15.00', 200),
(5018, 'Gamberi', 5, 101, '15.00', 200),
(5019, 'Tonno saláta', 5, 101, '15.00', 200),
(5020, 'Cezar', 5, 101, '15.00', 200),
(5021, 'Cézár saláta', 5, 102, '19.00', 400),
(5022, 'Csalamádé', 5, 102, '5.00', 150),
(5023, 'Ecetes uborka', 5, 102, '5.00', 150),
(5024, 'Görög saláta', 5, 102, '19.00', 400),
(5025, 'Káposzta saláta', 5, 102, '5.00', 150),
(5026, 'Paradicsom paprika', 5, 102, '5.00', 150),
(5027, 'Paradicsom saláta', 5, 102, '5.00', 150),
(5028, 'Sport saláta', 5, 102, '19.00', 400),
(5029, 'Szezámmagos csirkemell saláta', 5, 102, '22.00', 400),
(5030, 'Tonhal saláta', 5, 102, '20.00', 400),
(5031, 'Vegyes friss saláta', 5, 102, '5.00', 150),
(5032, 'Zöld cukros saláta', 5, 102, '5.00', 150),
(5033, 'Bulevard saláta', 5, 104, '16.00', 400),
(5034, 'Crispy saláta', 5, 104, '16.00', 400),
(5035, 'Görög saláta', 5, 104, '16.00', 400),
(5036, 'Székely saláta', 5, 104, '16.00', 400),
(5037, 'Shrimps tempura saláta', 5, 105, '35.00', 300),
(5038, 'Avokádó saláta', 5, 105, '19.00', 250),
(5039, 'Mangó saláta', 5, 105, '19.00', 250),
(5040, 'Cézár saláta', 5, 106, '13.00', 400),
(5041, 'Chicken\'s saláta', 5, 106, '13.00', 380),
(5042, 'Görög saláta', 5, 106, '12.50', 400),
(5043, 'Sport saláta', 5, 106, '13.00', 400),
(5044, 'Vegyes saláta', 5, 107, '14.00', 450),
(5045, 'Vegyes saláta csirkével', 5, 107, '19.00', 600),
(5046, 'Vegyes saláta sonkával és sajttal', 5, 107, '17.00', 550),
(5047, 'Görög saláta', 5, 108, '11.00', 350),
(5048, 'Sport saláta', 5, 108, '11.00', 350),
(5049, 'Faló saláta', 5, 108, '14.00', 350),
(5050, 'Grillezett őszibarack és csirkemell fetával, salátával', 5, 109, '26.00', 300),
(5051, 'Roppanós saláta almával és céklával, mézes-mustáros dresszinggel', 5, 109, '15.00', 300),
(5052, 'Görög saláta', 5, 110, '15.00', 650),
(5053, 'Káposzta', 5, 110, '6.00', 100),
(5054, 'Pikáns feta', 5, 110, '6.00', 100),
(5055, 'Pikáns répa', 5, 110, '6.00', 100),
(5056, 'Tzatziki', 5, 110, '6.00', 100),
(5057, 'Füstölt sajtos saláta', 5, 111, '17.00', 300),
(5058, 'Tavaszi csirkemelles saláta', 5, 111, '17.50', 300),
(5059, 'Telemeás saláta', 5, 111, '17.00', 300),
(5060, 'Csirkemell poké bowl', 5, 112, '21.00', 410),
(5061, 'Halloumi poké bowl', 5, 112, '23.00', 410),
(5062, 'Lazac poké bowl', 5, 112, '28.00', 410),
(5063, 'Tofu poké bowl', 5, 112, '23.00', 410),
(5064, 'Tojás poké bowl', 5, 112, '18.00', 410),
(5065, 'Tonhal poké bowl', 5, 112, '25.00', 410),
(5066, 'Lazac & Mango', 5, 112, '30.00', 400),
(5067, 'Cézár saláta', 5, 113, '13.00', 400),
(5068, 'Görög saláta', 5, 113, '13.00', 400),
(5069, 'Sport saláta', 5, 113, '13.00', 350),
(5070, 'Tonhal saláta', 5, 113, '13.00', 400),
(5071, 'Crispy saláta', 5, 115, '15.00', 300),
(5072, 'Gombás tésztasaláta', 5, 115, '14.00', 330),
(5073, 'Görög saláta', 5, 115, '14.00', 300),
(5074, 'Mediterrán tésztasaláta', 5, 115, '14.00', 350),
(5075, 'Mix csirkesaláta', 5, 115, '14.00', 310),
(5076, 'Tonhalas tésztasaláta', 5, 115, '14.00', 330),
(5077, 'Vitamin saláta', 5, 115, '7.00', 270),
(5078, 'Wrap Foods saláta', 5, 115, '14.50', 300);

-- --------------------------------------------------------

--
-- Tábla szerkezet ehhez a táblához `eteltipusok`
--

CREATE TABLE `eteltipusok` (
  `id` int(11) NOT NULL,
  `nev` varchar(45) DEFAULT NULL
) ENGINE=InnoDB DEFAULT CHARSET=utf8mb4;

--
-- A tábla adatainak kiíratása `eteltipusok`
--

INSERT INTO `eteltipusok` (`id`, `nev`) VALUES
(1, 'Leves'),
(2, 'Pizza'),
(3, 'Szendvics'),
(4, 'Főétel'),
(5, 'Saláta');

-- --------------------------------------------------------

--
-- Tábla szerkezet ehhez a táblához `ettermek`
--

CREATE TABLE `ettermek` (
  `id` int(11) NOT NULL,
  `nev` varchar(45) DEFAULT NULL,
  `ertekeles` decimal(2,1) DEFAULT NULL,
  `ertekeles_db` int(11) DEFAULT NULL,
  `hazhozszallit` tinyint(1) DEFAULT 1,
  `szal_ar` decimal(4,2) DEFAULT NULL,
  `minimum_rendeles` int(11) DEFAULT NULL,
  `cim` varchar(45) DEFAULT NULL,
  `telefonszam` varchar(45) DEFAULT NULL
) ENGINE=InnoDB DEFAULT CHARSET=utf8mb4;

--
-- A tábla adatainak kiíratása `ettermek`
--

INSERT INTO `ettermek` (`id`, `nev`, `ertekeles`, `ertekeles_db`, `hazhozszallit`, `szal_ar`, `minimum_rendeles`, `cim`, `telefonszam`) VALUES
(100, 'Amigo Penge Chill &Food', '4.7', 137, 1, '2.00', 14, 'Csíkszereda, Majláth Gusztáv Károly tér, 4 ', '0747 231 610\r'),
(101, 'Pasta Bistro Via Napoli', '4.4', 197, 1, '0.00', 15, 'Csíkszereda, Márton Áron, 34', '0752 245 381\r'),
(102, 'Morison Pub&Pizza', '4.4', 369, 1, '2.00', 19, 'Csíkszereda, Hargita utca, 6 ', '0755 367 731\r'),
(103, 'Alzo vendéglő', '4.4', 88, 1, '0.00', 19, 'Csíkszereda, Petofi Sandor, 16', '0266 371 682\r'),
(104, 'Bulevard Food and Vegan', '4.2', 331, 1, '2.00', 15, 'Csíkszereda, Szasz Endre, 7', '0751 767 569\r'),
(105, 'Cheeky Sushi', '4.2', 23, 1, '2.00', 20, 'Csíkszereda, Szek, 60', '0752 243 280\r'),
(106, 'Chicken\'s', '4.2', 94, 1, '0.00', 15, 'Csíkszereda, Márton Áron, 24', '0751 158 158\r'),
(107, 'Dabo Döner', '4.2', 241, 1, '0.00', 15, 'Csíkszereda, Petőfi Sándor, 3', '0740 388 288\r'),
(108, 'Faló', '4.4', 113, 1, '0.00', 15, 'Csíkszereda, Márton Áron, 14', '0745 091 283\r'),
(109, 'Fenyő étterem', '4.7', 150, 1, '0.00', 25, 'Csíkszereda, Nicolae Bălcescu, 11', '0266 311 493\r'),
(110, 'Greek Street Food', '4.8', 113, 1, '1.00', 16, 'Csíkszereda, Strada Leliceni, 1', '0759 920 347\r'),
(111, 'Harmopan Bistro', '4.7', 105, 1, '1.50', 19, 'Csíkszereda, Hargita utca, 46', '0745 834 850\r'),
(112, 'Healthy Kitchen', '4.4', 24, 1, '2.00', 15, 'Csíkszereda, Petőfi Sándor, 53', '0723 168 997\r'),
(113, 'La mamma', '4.5', 462, 1, '2.00', 15, 'Csíkszereda, Kossuth Lajos utca, 21', '0758 102 415\r'),
(114, 'Royal Vendéglő', '4.1', 101, 1, '2.00', 17, 'Csíkszereda, Bulevardul Frăției, 1', '0749 020 261\r'),
(115, 'Wrap Foods', '4.6', 156, 1, '1.50', 14, 'Csíkszereda, Piața Libertății, 7', '0752 273 331\r');

-- --------------------------------------------------------

--
-- Tábla szerkezet ehhez a táblához `failed_jobs`
--

CREATE TABLE `failed_jobs` (
  `id` bigint(20) UNSIGNED NOT NULL,
  `uuid` varchar(255) COLLATE utf8mb4_unicode_ci NOT NULL,
  `connection` text COLLATE utf8mb4_unicode_ci NOT NULL,
  `queue` text COLLATE utf8mb4_unicode_ci NOT NULL,
  `payload` longtext COLLATE utf8mb4_unicode_ci NOT NULL,
  `exception` longtext COLLATE utf8mb4_unicode_ci NOT NULL,
  `failed_at` timestamp NOT NULL DEFAULT current_timestamp()
) ENGINE=InnoDB DEFAULT CHARSET=utf8mb4 COLLATE=utf8mb4_unicode_ci;

-- --------------------------------------------------------

--
-- Tábla szerkezet ehhez a táblához `jogosultak`
--

CREATE TABLE `jogosultak` (
  `id` int(11) NOT NULL,
  `kod` varchar(255) DEFAULT NULL
) ENGINE=InnoDB DEFAULT CHARSET=utf8mb4;

--
-- A tábla adatainak kiíratása `jogosultak`
--

INSERT INTO `jogosultak` (`id`, `kod`) VALUES
(1, '91643ed0458f2e15c591ed42f5fb7c8e');

-- --------------------------------------------------------

--
-- Tábla szerkezet ehhez a táblához `migrations`
--

CREATE TABLE `migrations` (
  `id` int(10) UNSIGNED NOT NULL,
  `migration` varchar(255) COLLATE utf8mb4_unicode_ci NOT NULL,
  `batch` int(11) NOT NULL
) ENGINE=InnoDB DEFAULT CHARSET=utf8mb4 COLLATE=utf8mb4_unicode_ci;

--
-- A tábla adatainak kiíratása `migrations`
--

INSERT INTO `migrations` (`id`, `migration`, `batch`) VALUES
(1, '2014_10_12_000000_create_users_table', 1),
(2, '2014_10_12_100000_create_password_resets_table', 1),
(3, '2019_08_19_000000_create_failed_jobs_table', 1),
(4, '2019_12_14_000001_create_personal_access_tokens_table', 1),
(5, '2021_12_11_190025_create_jogosultak_table', 0);

-- --------------------------------------------------------

--
-- Tábla szerkezet ehhez a táblához `osszehasonlithato`
--

CREATE TABLE `osszehasonlithato` (
  `etelek_id` int(11) NOT NULL,
  `etelek_id1` int(11) NOT NULL,
  `ar_per_menny` decimal(6,2) DEFAULT NULL,
  `ar_per_menny1` decimal(6,2) DEFAULT NULL
) ENGINE=InnoDB DEFAULT CHARSET=utf8mb4;

--
-- A tábla adatainak kiíratása `osszehasonlithato`
--

INSERT INTO `osszehasonlithato` (`etelek_id`, `etelek_id1`, `ar_per_menny`, `ar_per_menny1`) VALUES
(1000, 1006, '3.75', '3.00'),
(1000, 1012, '3.75', '3.25'),
(1000, 1015, '3.75', '3.71'),
(1000, 1017, '3.75', '4.00'),
(1002, 1022, '4.25', '3.75'),
(1003, 1007, '4.50', '3.00'),
(1003, 1014, '4.50', '4.29'),
(1003, 1018, '4.50', '3.75'),
(1006, 1000, '3.00', '3.75'),
(1006, 1012, '3.00', '3.25'),
(1006, 1015, '3.00', '3.71'),
(1006, 1017, '3.00', '4.00'),
(1007, 1003, '3.00', '4.50'),
(1007, 1014, '3.00', '4.29'),
(1007, 1018, '3.00', '3.75'),
(1012, 1000, '3.25', '3.75'),
(1012, 1006, '3.25', '3.00'),
(1012, 1015, '3.25', '3.71'),
(1012, 1017, '3.25', '4.00'),
(1014, 1003, '4.29', '4.50'),
(1014, 1007, '4.29', '3.00'),
(1014, 1018, '4.29', '3.75'),
(1015, 1000, '3.71', '3.75'),
(1015, 1006, '3.71', '3.00'),
(1015, 1012, '3.71', '3.25'),
(1015, 1017, '3.71', '4.00'),
(1017, 1000, '4.00', '3.75'),
(1017, 1006, '4.00', '3.00'),
(1017, 1012, '4.00', '3.25'),
(1017, 1015, '4.00', '3.71'),
(1018, 1003, '3.75', '4.50'),
(1018, 1007, '3.75', '3.00'),
(1018, 1014, '3.75', '4.29'),
(1020, 1021, '4.00', '3.75'),
(1021, 1020, '3.75', '4.00'),
(1022, 1002, '3.75', '4.25'),
(2000, 2027, '5.12', '4.81'),
(2000, 2045, '5.12', '3.21'),
(2000, 2062, '5.12', '4.58'),
(2000, 2083, '5.12', '3.30'),
(2002, 2012, '4.38', '2.83'),
(2002, 2033, '4.38', '2.11'),
(2002, 2052, '4.38', '2.86'),
(2002, 2073, '4.38', '2.18'),
(2004, 2015, '4.17', '3.19'),
(2004, 2036, '4.17', '2.30'),
(2011, 2031, '4.73', '2.79'),
(2011, 2049, '4.73', '2.00'),
(2011, 2064, '4.73', '2.62'),
(2011, 2085, '4.73', '2.00'),
(2012, 2002, '2.83', '4.38'),
(2012, 2033, '2.83', '2.11'),
(2012, 2052, '2.83', '2.86'),
(2012, 2073, '2.83', '2.18'),
(2014, 2035, '3.68', '3.25'),
(2015, 2004, '3.19', '4.17'),
(2015, 2036, '3.19', '2.30'),
(2016, 2037, '2.60', '1.95'),
(2017, 2038, '2.83', '2.11'),
(2018, 2039, '2.46', '1.84'),
(2018, 2054, '2.46', '2.77'),
(2018, 2075, '2.46', '2.23'),
(2019, 2040, '2.71', '1.95'),
(2020, 2041, '2.86', '2.14'),
(2023, 2042, '3.17', '1.80'),
(2025, 2043, '2.80', '2.10'),
(2027, 2000, '4.81', '5.12'),
(2027, 2045, '4.81', '3.21'),
(2027, 2062, '4.81', '4.58'),
(2027, 2083, '4.81', '3.30'),
(2028, 2046, '2.79', '1.98'),
(2028, 2063, '2.79', '2.77'),
(2028, 2084, '2.79', '2.23'),
(2029, 2047, '3.46', '2.50'),
(2030, 2048, '3.06', '6.85'),
(2030, 2070, '3.06', '3.10'),
(2030, 2091, '3.06', '2.42'),
(2031, 2011, '2.79', '4.73'),
(2031, 2049, '2.79', '2.00'),
(2031, 2064, '2.79', '2.62'),
(2031, 2085, '2.79', '2.00'),
(2033, 2002, '2.11', '4.38'),
(2033, 2012, '2.11', '2.83'),
(2033, 2052, '2.11', '2.86'),
(2033, 2073, '2.11', '2.18'),
(2035, 2014, '3.25', '3.68'),
(2036, 2004, '2.30', '4.17'),
(2036, 2015, '2.30', '3.19'),
(2037, 2016, '1.95', '2.60'),
(2038, 2017, '2.11', '2.83'),
(2039, 2018, '1.84', '2.46'),
(2039, 2054, '1.84', '2.77'),
(2039, 2075, '1.84', '2.23'),
(2040, 2019, '1.95', '2.71'),
(2041, 2020, '2.14', '2.86'),
(2042, 2023, '1.80', '3.17'),
(2043, 2025, '2.10', '2.80'),
(2045, 2000, '3.21', '5.12'),
(2045, 2027, '3.21', '4.81'),
(2045, 2062, '3.21', '4.58'),
(2045, 2083, '3.21', '3.30'),
(2046, 2028, '1.98', '2.79'),
(2046, 2063, '1.98', '2.77'),
(2046, 2084, '1.98', '2.23'),
(2047, 2029, '2.50', '3.46'),
(2048, 2030, '6.85', '3.06'),
(2048, 2070, '6.85', '3.10'),
(2048, 2091, '6.85', '2.42'),
(2049, 2011, '2.00', '4.73'),
(2049, 2031, '2.00', '2.79'),
(2049, 2064, '2.00', '2.62'),
(2049, 2085, '2.00', '2.00'),
(2050, 2071, '2.35', '2.00'),
(2051, 2072, '3.55', '2.20'),
(2052, 2002, '2.86', '4.38'),
(2052, 2012, '2.86', '2.83'),
(2052, 2033, '2.86', '2.11'),
(2052, 2073, '2.86', '2.18'),
(2053, 2074, '3.64', '2.70'),
(2054, 2018, '2.77', '2.46'),
(2054, 2039, '2.77', '1.84'),
(2054, 2075, '2.77', '2.23'),
(2055, 2076, '3.33', '2.40'),
(2056, 2077, '3.50', '2.78'),
(2057, 2078, '3.00', '2.21'),
(2058, 2079, '2.50', '2.00'),
(2059, 2080, '3.09', '2.33'),
(2060, 2081, '2.62', '2.15'),
(2061, 2082, '3.60', '2.81'),
(2062, 2000, '4.58', '5.12'),
(2062, 2027, '4.58', '4.81'),
(2062, 2045, '4.58', '3.21'),
(2062, 2083, '4.58', '3.30'),
(2063, 2028, '2.77', '2.79'),
(2063, 2046, '2.77', '1.98'),
(2063, 2084, '2.77', '2.23'),
(2064, 2011, '2.62', '4.73'),
(2064, 2031, '2.62', '2.79'),
(2064, 2049, '2.62', '2.00'),
(2064, 2085, '2.62', '2.00'),
(2065, 2086, '5.00', '2.92'),
(2066, 2087, '2.50', '2.17'),
(2067, 2088, '3.83', '2.27'),
(2068, 2089, '3.00', '2.36'),
(2069, 2090, '4.55', '3.08'),
(2070, 2030, '3.10', '3.06'),
(2070, 2048, '3.10', '6.85'),
(2070, 2091, '3.10', '2.42'),
(2071, 2050, '2.00', '2.35'),
(2072, 2051, '2.20', '3.55'),
(2073, 2002, '2.18', '4.38'),
(2073, 2012, '2.18', '2.83'),
(2073, 2033, '2.18', '2.11'),
(2073, 2052, '2.18', '2.86'),
(2074, 2053, '2.70', '3.64'),
(2075, 2018, '2.23', '2.46'),
(2075, 2039, '2.23', '1.84'),
(2075, 2054, '2.23', '2.77'),
(2076, 2055, '2.40', '3.33'),
(2077, 2056, '2.78', '3.50'),
(2078, 2057, '2.21', '3.00'),
(2079, 2058, '2.00', '2.50'),
(2080, 2059, '2.33', '3.09'),
(2081, 2060, '2.15', '2.62'),
(2082, 2061, '2.81', '3.60'),
(2083, 2000, '3.30', '5.12'),
(2083, 2027, '3.30', '4.81'),
(2083, 2045, '3.30', '3.21'),
(2083, 2062, '3.30', '4.58'),
(2084, 2028, '2.23', '2.79'),
(2084, 2046, '2.23', '1.98'),
(2084, 2063, '2.23', '2.77'),
(2085, 2011, '2.00', '4.73'),
(2085, 2031, '2.00', '2.79'),
(2085, 2049, '2.00', '2.00'),
(2085, 2064, '2.00', '2.62'),
(2086, 2065, '2.92', '5.00'),
(2087, 2066, '2.17', '2.50'),
(2088, 2067, '2.27', '3.83'),
(2089, 2068, '2.36', '3.00'),
(2090, 2069, '3.08', '4.55'),
(2091, 2030, '2.42', '3.06'),
(2091, 2048, '2.42', '6.85'),
(2091, 2070, '2.42', '3.10'),
(3005, 3042, '5.36', '4.80'),
(3005, 3058, '5.36', '4.84'),
(3019, 3021, '3.30', '5.50'),
(3019, 3022, '3.30', '4.29'),
(3019, 3030, '3.30', '4.21'),
(3019, 3043, '3.30', '5.56'),
(3021, 3019, '5.50', '3.30'),
(3021, 3022, '5.50', '4.29'),
(3021, 3030, '5.50', '4.21'),
(3021, 3043, '5.50', '5.56'),
(3022, 3019, '4.29', '3.30'),
(3022, 3021, '4.29', '5.50'),
(3022, 3030, '4.29', '4.21'),
(3022, 3043, '4.29', '5.56'),
(3023, 3024, '7.00', '5.14'),
(3023, 3027, '7.00', '5.14'),
(3023, 3044, '7.00', '6.67'),
(3024, 3023, '5.14', '7.00'),
(3024, 3027, '5.14', '5.14'),
(3024, 3044, '5.14', '6.67'),
(3027, 3023, '5.14', '7.00'),
(3027, 3024, '5.14', '5.14'),
(3027, 3044, '5.14', '6.67'),
(3030, 3019, '4.21', '3.30'),
(3030, 3021, '4.21', '5.50'),
(3030, 3022, '4.21', '4.29'),
(3030, 3043, '4.21', '5.56'),
(3032, 3033, '3.71', '5.50'),
(3033, 3032, '5.50', '3.71'),
(3034, 3035, '3.68', '5.00'),
(3035, 3034, '5.00', '3.68'),
(3037, 3057, '3.14', '4.84'),
(3042, 3005, '4.80', '5.36'),
(3042, 3058, '4.80', '4.84'),
(3043, 3019, '5.56', '3.30'),
(3043, 3021, '5.56', '5.50'),
(3043, 3022, '5.56', '4.29'),
(3043, 3030, '5.56', '4.21'),
(3044, 3023, '6.67', '7.00'),
(3044, 3024, '6.67', '5.14'),
(3044, 3027, '6.67', '5.14'),
(3057, 3037, '4.84', '3.14'),
(3058, 3005, '4.84', '5.36'),
(3058, 3042, '4.84', '4.80'),
(4005, 4036, '6.00', '3.00'),
(4005, 4076, '6.00', '8.00'),
(4008, 4071, '4.18', '7.25'),
(4010, 4078, '8.65', '8.44'),
(4014, 4032, '5.50', '3.30'),
(4020, 4029, '4.50', '5.00'),
(4020, 4035, '4.50', '3.30'),
(4021, 4033, '5.00', '3.30'),
(4022, 4053, '5.50', '7.91'),
(4022, 4075, '5.50', '7.25'),
(4029, 4020, '5.00', '4.50'),
(4029, 4035, '5.00', '3.30'),
(4030, 4072, '3.30', '6.00'),
(4032, 4014, '3.30', '5.50'),
(4033, 4021, '3.30', '5.00'),
(4034, 4073, '3.30', '6.22'),
(4034, 4074, '3.30', '6.86'),
(4035, 4020, '3.30', '4.50'),
(4035, 4029, '3.30', '5.00'),
(4036, 4005, '3.00', '6.00'),
(4036, 4076, '3.00', '8.00'),
(4053, 4022, '7.91', '5.50'),
(4053, 4075, '7.91', '7.25'),
(4057, 4062, '9.00', '7.20'),
(4062, 4057, '7.20', '9.00'),
(4071, 4008, '7.25', '4.18'),
(4072, 4030, '6.00', '3.30'),
(4073, 4034, '6.22', '3.30'),
(4073, 4074, '6.22', '6.86'),
(4074, 4034, '6.86', '3.30'),
(4074, 4073, '6.86', '6.22'),
(4075, 4022, '7.25', '5.50'),
(4075, 4053, '7.25', '7.91'),
(4076, 4005, '8.00', '6.00'),
(4076, 4036, '8.00', '3.00'),
(4078, 4010, '8.44', '8.65'),
(5000, 5001, '4.67', '4.00'),
(5000, 5029, '4.67', '5.50'),
(5000, 5050, '4.67', '8.67'),
(5000, 5058, '4.67', '5.83'),
(5000, 5060, '4.67', '5.12'),
(5001, 5000, '4.00', '4.67'),
(5001, 5029, '4.00', '5.50'),
(5001, 5050, '4.00', '8.67'),
(5001, 5058, '4.00', '5.83'),
(5001, 5060, '4.00', '5.12'),
(5002, 5003, '4.00', '4.00'),
(5003, 5002, '4.00', '4.00'),
(5004, 5005, '4.00', '4.67'),
(5005, 5004, '4.67', '4.00'),
(5006, 5007, '2.64', '2.74'),
(5006, 5020, '2.64', '7.50'),
(5006, 5021, '2.64', '4.75'),
(5006, 5040, '2.64', '3.25'),
(5006, 5067, '2.64', '3.25'),
(5007, 5006, '2.74', '2.64'),
(5007, 5020, '2.74', '7.50'),
(5007, 5021, '2.74', '4.75'),
(5007, 5040, '2.74', '3.25'),
(5007, 5067, '2.74', '3.25'),
(5008, 5009, '4.00', '4.67'),
(5008, 5030, '4.00', '5.00'),
(5008, 5065, '4.00', '6.10'),
(5008, 5070, '4.00', '3.25'),
(5008, 5076, '4.00', '4.24'),
(5009, 5008, '4.67', '4.00'),
(5009, 5030, '4.67', '5.00'),
(5009, 5065, '4.67', '6.10'),
(5009, 5070, '4.67', '3.25'),
(5009, 5076, '4.67', '4.24'),
(5010, 5011, '4.00', '4.67'),
(5011, 5010, '4.67', '4.00'),
(5012, 5013, '4.67', '4.00'),
(5013, 5012, '4.00', '4.67'),
(5014, 5015, '4.67', '4.00'),
(5014, 5028, '4.67', '4.75'),
(5014, 5043, '4.67', '3.25'),
(5014, 5048, '4.67', '3.14'),
(5014, 5069, '4.67', '3.71'),
(5015, 5014, '4.00', '4.67'),
(5015, 5028, '4.00', '4.75'),
(5015, 5043, '4.00', '3.25'),
(5015, 5048, '4.00', '3.14'),
(5015, 5069, '4.00', '3.71'),
(5020, 5006, '7.50', '2.64'),
(5020, 5007, '7.50', '2.74'),
(5020, 5021, '7.50', '4.75'),
(5020, 5040, '7.50', '3.25'),
(5020, 5067, '7.50', '3.25'),
(5021, 5006, '4.75', '2.64'),
(5021, 5007, '4.75', '2.74'),
(5021, 5020, '4.75', '7.50'),
(5021, 5040, '4.75', '3.25'),
(5021, 5067, '4.75', '3.25'),
(5024, 5035, '4.75', '4.00'),
(5024, 5042, '4.75', '3.13'),
(5024, 5047, '4.75', '3.14'),
(5024, 5052, '4.75', '2.31'),
(5024, 5068, '4.75', '3.25'),
(5024, 5073, '4.75', '4.67'),
(5025, 5053, '3.33', '6.00'),
(5028, 5014, '4.75', '4.67'),
(5028, 5015, '4.75', '4.00'),
(5028, 5043, '4.75', '3.25'),
(5028, 5048, '4.75', '3.14'),
(5028, 5069, '4.75', '3.71'),
(5029, 5000, '5.50', '4.67'),
(5029, 5001, '5.50', '4.00'),
(5029, 5050, '5.50', '8.67'),
(5029, 5058, '5.50', '5.83'),
(5029, 5060, '5.50', '5.12'),
(5030, 5008, '5.00', '4.00'),
(5030, 5009, '5.00', '4.67'),
(5030, 5065, '5.00', '6.10'),
(5030, 5070, '5.00', '3.25'),
(5030, 5076, '5.00', '4.24'),
(5031, 5044, '3.33', '3.11'),
(5031, 5045, '3.33', '3.17'),
(5031, 5046, '3.33', '3.09'),
(5034, 5071, '4.00', '5.00'),
(5035, 5024, '4.00', '4.75'),
(5035, 5042, '4.00', '3.13'),
(5035, 5047, '4.00', '3.14'),
(5035, 5052, '4.00', '2.31'),
(5035, 5068, '4.00', '3.25'),
(5035, 5073, '4.00', '4.67'),
(5040, 5006, '3.25', '2.64'),
(5040, 5007, '3.25', '2.74'),
(5040, 5020, '3.25', '7.50'),
(5040, 5021, '3.25', '4.75'),
(5040, 5067, '3.25', '3.25'),
(5042, 5024, '3.13', '4.75'),
(5042, 5035, '3.13', '4.00'),
(5042, 5047, '3.13', '3.14'),
(5042, 5052, '3.13', '2.31'),
(5042, 5068, '3.13', '3.25'),
(5042, 5073, '3.13', '4.67'),
(5043, 5014, '3.25', '4.67'),
(5043, 5015, '3.25', '4.00'),
(5043, 5028, '3.25', '4.75'),
(5043, 5048, '3.25', '3.14'),
(5043, 5069, '3.25', '3.71'),
(5044, 5031, '3.11', '3.33'),
(5044, 5045, '3.11', '3.17'),
(5044, 5046, '3.11', '3.09'),
(5045, 5031, '3.17', '3.33'),
(5045, 5044, '3.17', '3.11'),
(5045, 5046, '3.17', '3.09'),
(5046, 5031, '3.09', '3.33'),
(5046, 5044, '3.09', '3.11'),
(5046, 5045, '3.09', '3.17'),
(5047, 5024, '3.14', '4.75'),
(5047, 5035, '3.14', '4.00'),
(5047, 5042, '3.14', '3.13'),
(5047, 5052, '3.14', '2.31'),
(5047, 5068, '3.14', '3.25'),
(5047, 5073, '3.14', '4.67'),
(5048, 5014, '3.14', '4.67'),
(5048, 5015, '3.14', '4.00'),
(5048, 5028, '3.14', '4.75'),
(5048, 5043, '3.14', '3.25'),
(5048, 5069, '3.14', '3.71'),
(5050, 5000, '8.67', '4.67'),
(5050, 5001, '8.67', '4.00'),
(5050, 5029, '8.67', '5.50'),
(5050, 5058, '8.67', '5.83'),
(5050, 5060, '8.67', '5.12'),
(5052, 5024, '2.31', '4.75'),
(5052, 5035, '2.31', '4.00'),
(5052, 5042, '2.31', '3.13'),
(5052, 5047, '2.31', '3.14'),
(5052, 5068, '2.31', '3.25'),
(5052, 5073, '2.31', '4.67'),
(5053, 5025, '6.00', '3.33'),
(5058, 5000, '5.83', '4.67'),
(5058, 5001, '5.83', '4.00'),
(5058, 5029, '5.83', '5.50'),
(5058, 5050, '5.83', '8.67'),
(5058, 5060, '5.83', '5.12'),
(5060, 5000, '5.12', '4.67'),
(5060, 5001, '5.12', '4.00'),
(5060, 5029, '5.12', '5.50'),
(5060, 5050, '5.12', '8.67'),
(5060, 5058, '5.12', '5.83'),
(5065, 5008, '6.10', '4.00'),
(5065, 5009, '6.10', '4.67'),
(5065, 5030, '6.10', '5.00'),
(5065, 5070, '6.10', '3.25'),
(5065, 5076, '6.10', '4.24'),
(5067, 5006, '3.25', '2.64'),
(5067, 5007, '3.25', '2.74'),
(5067, 5020, '3.25', '7.50'),
(5067, 5021, '3.25', '4.75'),
(5067, 5040, '3.25', '3.25'),
(5068, 5024, '3.25', '4.75'),
(5068, 5035, '3.25', '4.00'),
(5068, 5042, '3.25', '3.13'),
(5068, 5047, '3.25', '3.14'),
(5068, 5052, '3.25', '2.31'),
(5068, 5073, '3.25', '4.67'),
(5069, 5014, '3.71', '4.67'),
(5069, 5015, '3.71', '4.00'),
(5069, 5028, '3.71', '4.75'),
(5069, 5043, '3.71', '3.25'),
(5069, 5048, '3.71', '3.14'),
(5070, 5008, '3.25', '4.00'),
(5070, 5009, '3.25', '4.67'),
(5070, 5030, '3.25', '5.00'),
(5070, 5065, '3.25', '6.10'),
(5070, 5076, '3.25', '4.24'),
(5071, 5034, '5.00', '4.00'),
(5073, 5024, '4.67', '4.75'),
(5073, 5035, '4.67', '4.00'),
(5073, 5042, '4.67', '3.13'),
(5073, 5047, '4.67', '3.14'),
(5073, 5052, '4.67', '2.31'),
(5073, 5068, '4.67', '3.25'),
(5076, 5008, '4.24', '4.00'),
(5076, 5009, '4.24', '4.67'),
(5076, 5030, '4.24', '5.00'),
(5076, 5065, '4.24', '6.10'),
(5076, 5070, '4.24', '3.25');

-- --------------------------------------------------------

--
-- Tábla szerkezet ehhez a táblához `password_resets`
--

CREATE TABLE `password_resets` (
  `email` varchar(255) COLLATE utf8mb4_unicode_ci NOT NULL,
  `token` varchar(255) COLLATE utf8mb4_unicode_ci NOT NULL,
  `created_at` timestamp NULL DEFAULT NULL
) ENGINE=InnoDB DEFAULT CHARSET=utf8mb4 COLLATE=utf8mb4_unicode_ci;

-- --------------------------------------------------------

--
-- Tábla szerkezet ehhez a táblához `personal_access_tokens`
--

CREATE TABLE `personal_access_tokens` (
  `id` bigint(20) UNSIGNED NOT NULL,
  `tokenable_type` varchar(255) COLLATE utf8mb4_unicode_ci NOT NULL,
  `tokenable_id` bigint(20) UNSIGNED NOT NULL,
  `name` varchar(255) COLLATE utf8mb4_unicode_ci NOT NULL,
  `token` varchar(64) COLLATE utf8mb4_unicode_ci NOT NULL,
  `abilities` text COLLATE utf8mb4_unicode_ci DEFAULT NULL,
  `last_used_at` timestamp NULL DEFAULT NULL,
  `created_at` timestamp NULL DEFAULT NULL,
  `updated_at` timestamp NULL DEFAULT NULL
) ENGINE=InnoDB DEFAULT CHARSET=utf8mb4 COLLATE=utf8mb4_unicode_ci;

-- --------------------------------------------------------

--
-- Tábla szerkezet ehhez a táblához `users`
--

CREATE TABLE `users` (
  `id` bigint(20) UNSIGNED NOT NULL,
  `name` varchar(255) COLLATE utf8mb4_unicode_ci NOT NULL,
  `email` varchar(255) COLLATE utf8mb4_unicode_ci NOT NULL,
  `email_verified_at` timestamp NULL DEFAULT NULL,
  `password` varchar(255) COLLATE utf8mb4_unicode_ci NOT NULL,
  `remember_token` varchar(100) COLLATE utf8mb4_unicode_ci DEFAULT NULL,
  `created_at` timestamp NULL DEFAULT NULL,
  `updated_at` timestamp NULL DEFAULT NULL
) ENGINE=InnoDB DEFAULT CHARSET=utf8mb4 COLLATE=utf8mb4_unicode_ci;

--
-- Indexek a kiírt táblákhoz
--

--
-- A tábla indexei `etelek`
--
ALTER TABLE `etelek`
  ADD PRIMARY KEY (`id`),
  ADD KEY `fk_etelek_eteltipusok_idx` (`eteltipusok_id`),
  ADD KEY `fk_etelek_ettermek1_idx` (`ettermek_id`);

--
-- A tábla indexei `eteltipusok`
--
ALTER TABLE `eteltipusok`
  ADD PRIMARY KEY (`id`);

--
-- A tábla indexei `ettermek`
--
ALTER TABLE `ettermek`
  ADD PRIMARY KEY (`id`);

--
-- A tábla indexei `failed_jobs`
--
ALTER TABLE `failed_jobs`
  ADD PRIMARY KEY (`id`),
  ADD UNIQUE KEY `failed_jobs_uuid_unique` (`uuid`);

--
-- A tábla indexei `jogosultak`
--
ALTER TABLE `jogosultak`
  ADD PRIMARY KEY (`id`);

--
-- A tábla indexei `migrations`
--
ALTER TABLE `migrations`
  ADD PRIMARY KEY (`id`);

--
-- A tábla indexei `osszehasonlithato`
--
ALTER TABLE `osszehasonlithato`
  ADD PRIMARY KEY (`etelek_id`,`etelek_id1`),
  ADD KEY `fk_ugyanaz_etelek2_idx` (`etelek_id1`);

--
-- A tábla indexei `password_resets`
--
ALTER TABLE `password_resets`
  ADD KEY `password_resets_email_index` (`email`);

--
-- A tábla indexei `personal_access_tokens`
--
ALTER TABLE `personal_access_tokens`
  ADD PRIMARY KEY (`id`),
  ADD UNIQUE KEY `personal_access_tokens_token_unique` (`token`),
  ADD KEY `personal_access_tokens_tokenable_type_tokenable_id_index` (`tokenable_type`,`tokenable_id`);

--
-- A tábla indexei `users`
--
ALTER TABLE `users`
  ADD PRIMARY KEY (`id`),
  ADD UNIQUE KEY `users_email_unique` (`email`);

--
-- A kiírt táblák AUTO_INCREMENT értéke
--

--
-- AUTO_INCREMENT a táblához `failed_jobs`
--
ALTER TABLE `failed_jobs`
  MODIFY `id` bigint(20) UNSIGNED NOT NULL AUTO_INCREMENT;

--
-- AUTO_INCREMENT a táblához `jogosultak`
--
ALTER TABLE `jogosultak`
  MODIFY `id` int(11) NOT NULL AUTO_INCREMENT, AUTO_INCREMENT=2;

--
-- AUTO_INCREMENT a táblához `migrations`
--
ALTER TABLE `migrations`
  MODIFY `id` int(10) UNSIGNED NOT NULL AUTO_INCREMENT, AUTO_INCREMENT=6;

--
-- AUTO_INCREMENT a táblához `personal_access_tokens`
--
ALTER TABLE `personal_access_tokens`
  MODIFY `id` bigint(20) UNSIGNED NOT NULL AUTO_INCREMENT;

--
-- AUTO_INCREMENT a táblához `users`
--
ALTER TABLE `users`
  MODIFY `id` bigint(20) UNSIGNED NOT NULL AUTO_INCREMENT;

--
-- Megkötések a kiírt táblákhoz
--

--
-- Megkötések a táblához `etelek`
--
ALTER TABLE `etelek`
  ADD CONSTRAINT `fk_etelek_eteltipusok` FOREIGN KEY (`eteltipusok_id`) REFERENCES `eteltipusok` (`id`) ON DELETE NO ACTION ON UPDATE NO ACTION,
  ADD CONSTRAINT `fk_etelek_ettermek1` FOREIGN KEY (`ettermek_id`) REFERENCES `ettermek` (`id`) ON DELETE NO ACTION ON UPDATE NO ACTION;

--
-- Megkötések a táblához `osszehasonlithato`
--
ALTER TABLE `osszehasonlithato`
  ADD CONSTRAINT `fk_ugyanaz_etelek1` FOREIGN KEY (`etelek_id`) REFERENCES `etelek` (`id`) ON DELETE NO ACTION ON UPDATE NO ACTION,
  ADD CONSTRAINT `fk_ugyanaz_etelek2` FOREIGN KEY (`etelek_id1`) REFERENCES `etelek` (`id`) ON DELETE NO ACTION ON UPDATE NO ACTION;
COMMIT;

/*!40101 SET CHARACTER_SET_CLIENT=@OLD_CHARACTER_SET_CLIENT */;
/*!40101 SET CHARACTER_SET_RESULTS=@OLD_CHARACTER_SET_RESULTS */;
/*!40101 SET COLLATION_CONNECTION=@OLD_COLLATION_CONNECTION */;
